neck_angle,shoulder_slope,back_angle,head_forward,class
160.79915281023824,3.937975074030284,0.11679080369380289,0.44365321846803984,good
167.21134016031323,3.6925397711124917,0.05484433556362764,0.3469157992444907,good
168.02393305297133,4.543525590494341,0.05533529314290363,0.4277659771715095,good
168.01981917243486,3.585438971357819,0.04988738658404682,0.3417125896889917,good
168.99766977423354,5.734909767526559,0.036752355923572656,0.4003333458006267,good
170.70757643040304,3.0657975647848863,0.04445510715470224,0.4098705422130533,good
166.9319941525437,0.9733370706697828,0.07979463751301921,0.3808311861550402,good
167.64178201777176,4.236479522473398,0.06091591820511822,0.4311811922971653,good
167.75774339563526,5.051604107036705,0.05221338285672397,0.4171351750562489,good
179.05333416618325,0.3541324123863047,0.008174270593885802,0.36008000747322866,good
169.6530403069995,6.6701428746587474,0.02529783002896191,0.39448639452201617,good
166.94775351242015,9.672571476726205,0.036626129711982494,0.621284612819451,good
163.90817630039456,7.34329127422,0.07334402587809787,0.4822153611987267,good
163.11400110202737,6.496304899384897,0.08774058294119592,0.4865226851747417,good
166.15026359612264,3.2786199120272954,0.07349226349124921,0.40059925335270147,good
178.65997870260057,3.296835595354253,0.011032020035388817,0.3230817991696172,good
162.34593243730245,3.6737541028452556,0.10672759920145869,0.44177434961368683,good
164.9888066655806,3.5776951818245797,0.06341139167665107,0.319887280893944,good
165.08849516242103,2.9868978752332573,0.06719852072868386,0.3252206311362309,good
170.596689992315,2.4945252365018367,0.040578278478048076,0.33733975313836395,good
162.79233382556032,3.525949645823661,0.11688788983890612,0.49418181950115275,good
163.09349226688582,4.562597625471994,0.09800539425125246,0.4584423390352287,good
176.3645181612272,2.1541340333183974,0.012081974011243713,0.4673603622744551,good
152.54250898978776,21.580292446187222,0.06071225571178231,0.5929123652395369,good
147.93867977294053,167.29751960472964,0.05822269568042761,0.17564284148721968,good
166.61285171575423,4.445662986487852,0.06675902235641057,0.42952375095107453,good
168.28475781378395,3.902267981188134,0.0690042723509557,0.5076086122834825,good
164.81710462384913,4.574029453288883,0.08583165868386057,0.4662142936808595,good
163.90718526819444,2.732619100383522,0.08729632806683153,0.37778835890720175,good
163.95096945767753,3.079634936578647,0.09766086044529643,0.43514955481507017,good
165.42526120304439,5.377883598386729,0.090171342963862,0.5641808916681957,good
170.80839154915137,5.50668382672844,0.0284744445023076,0.44304589873536493,good
167.1137167790193,4.644401619493794,0.06392832625709145,0.44595227489900946,good
166.66778323322575,0.03423160726829157,0.14247184113940586,0.6194010059313896,good
161.55459958675698,4.629553148812382,0.11121505440825469,0.4657206824824835,good
169.33817758248236,4.2820691454060515,0.04043819315865254,0.3639219762956377,good
166.25672986432284,4.565488069952582,0.07113746380900783,0.44600741599751215,good
166.01884761046864,3.3636832750476673,0.06236308290915817,0.3384680236968744,good
172.13684355111133,2.3280840517529273,0.033927080889967584,0.35173982672722853,good
162.18551654144588,3.6246474419269705,0.1137736272781545,0.4641256378979906,good
164.6697844605059,4.1681120627682375,0.06538754185246677,0.33777088924694443,good
167.37654913277888,3.8947738978420143,0.0674968004677238,0.44477319283274197,good
168.24271340835924,3.494479131152569,0.05549696536346403,0.38616299115967223,good
167.17220873002898,4.228851251627688,0.06235475464583782,0.41704109411997586,good
172.52267910916427,7.3870601037532095,0.0008464601535790288,0.5373165463507694,good
170.73035536992674,3.5120092463978496,0.03778988653812292,0.3766909951631857,good
170.39048507164412,5.246692805021455,0.035373285846934915,0.4649971539766991,good
166.96639958011107,14.034093795957354,0.010408377951471351,0.5960923382074463,good
165.31111338731355,4.975377437381418,0.0704875220718746,0.41777368963367484,good
165.42021727493,3.7734379064421657,0.07820260968260422,0.4171026303759788,good
171.06383651680414,1.23528860563705,0.1697068828557377,0.9609984376790058,good
167.23267740556383,8.963436523587959,0.03754004887812694,0.565860071746089,good
167.8924017685203,4.324724388428,0.06178144083068752,0.45622288859231863,good
169.5355170385627,2.548832808768533,0.05673592336308141,0.41198042410311203,good
172.40154073965004,1.1151698393412213,0.09401690644621426,0.6205902232288688,good
166.071653793924,5.261196900868315,0.09890234649507204,0.6563122648842882,good
165.35685509140473,3.936288450833008,0.08408402180818837,0.4525897320453186,good
179.26941129951854,0.26282611673821094,0.008281917762318397,0.47768837502847394,good
168.0189713687016,3.2328414150974445,0.05679891725228331,0.37345076791642695,good
165.33335176470604,4.3920429076301994,0.06204481530860534,0.3478509008030074,good
165.80471968441037,5.193085655871826,0.06744769841353819,0.43105201076541605,good
165.67245702091964,4.685939521659389,0.07322792283218595,0.4372216927610899,good
170.37440749017216,4.585484628659241,0.02923404563958244,0.3327606527968429,good
164.29863555223054,3.9777891953970923,0.09124005244584514,0.44903767385113214,good
161.24741664862435,3.219949085933133,0.16178846725032767,0.6041680541500489,good
168.97602714823034,3.0868789185319168,0.05805503598316667,0.42042731864097177,good
174.9594463509022,2.9984829189552604,0.01623006741566384,0.4554745599242839,good
168.80531200232386,12.228894683171186,0.013816598213415335,0.765490849235754,good
175.46599117360492,5.457024371069679,0.16011837005458288,0.9229040844622667,good
174.95447805025856,4.2595401135084225,0.1450711550168682,0.8972122571848922,good
167.1391242654173,4.725146591187961,0.06032815437610113,0.4262914219909033,good
165.14393885112275,5.538096421324749,0.07029945820932794,0.43417981238673176,good
166.2463422274265,7.613446252509666,0.041446849773331206,0.3874917311765913,good
167.7965188969616,2.7274131587343655,0.06148978361690764,0.373490142098317,good
164.0444573210808,2.5212884654351058,0.09174108978934363,0.3948750179329331,good
159.14751671529893,4.131707434691107,0.16735493766921392,0.5816836716944496,good
165.51989299085096,4.786739693038896,0.048690648756077926,0.2891793337063903,good
166.8607801614489,4.805991459266016,0.06311067391122371,0.43545610645378047,good
161.9420949991106,3.7438846551273657,0.10880133949398307,0.44007055868235995,good
177.51864956865992,1.6474462130686973,0.005311474068941931,0.36495293455413563,good
168.40569270081087,2.9675950763062957,0.056126807356127593,0.3741879420402127,good
165.6073658706728,4.406315165657991,0.07146799701429353,0.4121258976255129,good
174.41039603223876,1.1384427715184018,0.0740384888583618,0.6319601869450794,good
173.72956148400183,3.0440952093754694,0.02487931145140098,0.4420587077140255,good
172.91933103117714,4.603528285681465,0.012531697394826537,0.28994602922352786,good
167.03568385401908,4.45979597400023,0.06816942163310613,0.46095478750342966,good
167.25393999002392,5.4085400840015305,0.051719274316875424,0.40496128740059506,good
166.49089274299286,3.3753324024127576,0.07670516509721506,0.43595597761369514,good
157.10564454439523,18.944617083909513,0.04114178146952078,0.5972847465159349,good
164.5225987045306,4.004842533476695,0.0857741913554636,0.43124585687134726,good
179.38011321999858,2.8387047938234526,0.01769157195298204,0.45695762456704997,good
165.36579978157755,4.605188207771344,0.08095005178438182,0.46483796142413897,good
165.1262112027876,4.347615952670728,0.07968821305497958,0.43620637462955003,good
173.6714040627922,1.0196025406813176,0.05326211479581371,0.5756393711273121,good
169.1839513111121,5.453808832608582,0.04749573788780184,0.5082357461355573,good
179.91297614387491,1.3451952518715589,0.013247392994452337,0.5300158019475731,good
167.168697326182,2.8524202717301264,0.09078480150628697,0.523903973380394,good
171.70151686164095,4.029049063133071,0.031537704334163794,0.42362773122447667,good
168.68042683950463,4.603227262006358,0.033669367126266045,0.2878853728322669,good
166.88706243920373,0.851277336711197,0.1223226336425584,0.5068984996086922,good
168.62557492892967,3.7621180519153623,0.04711492385561902,0.3556667427941891,good
174.90835210517193,2.733678713447186,0.0953710954535528,0.7004674428333503,good
169.01607344347423,1.5327837893611056,0.06290381935458213,0.38307747465462116,good
171.9232876728596,1.411265885861242,0.04500209069950634,0.38770920897033306,good
161.35666067121468,4.092705528789074,0.11416240390425506,0.454403980371745,good
167.10451231445109,4.857172221126236,0.06378577931388107,0.45614936012767987,good
169.79851281133696,2.5448831868239017,0.06555785030691792,0.49204464433381656,good
166.7341439853614,3.650647966762275,0.06158858539970433,0.36872668322535684,good
171.95081689583648,9.715618326654138,0.020371753225481095,0.7005253155276341,good
166.4322990638875,6.005475449718007,0.06337147259654734,0.48153566682059956,good
172.5610840524809,4.369224009813686,0.01703105472134601,0.31803665017831584,good
154.97130514981646,4.839073909560129,0.27486655734163157,0.5519408829481146,good
165.81266157639945,4.688651487473284,0.06748340360039302,0.40892835900405483,good
165.17868184877517,5.82788812542055,0.06257129221447844,0.4002738526845626,good
171.0465809560019,8.331116508103285,0.005037094349213732,0.46377751159845626,good
160.75096886729224,12.30650861965285,0.06917743719261611,0.5723122655650205,good
159.91512191040454,6.705993227541768,0.1089060229455776,0.47066126076565473,good
164.5057990636058,4.4803596929129315,0.09208002110041177,0.4819779532322594,good
157.3560435101247,1.2552547901987796,0.2317326018817781,0.6354179748921283,good
172.35402155103247,4.593042308256784,0.017071924089817968,0.320547879410831,good
164.19567674799194,4.291037516724128,0.08686250129371711,0.4351934384663347,good
167.70465261946433,5.235964759903405,0.053042323696311844,0.4315964020889238,good
166.2626043276423,12.115722507859298,0.019290017791133,0.6816319156351971,good
169.06183414137192,1.7262113445706606,0.06403484851650024,0.39999993856415333,good
175.18600628729885,2.40198175024468,0.08262592136991903,0.6577980819811716,good
174.01428815650414,1.4886944687964394,0.03508570418672473,0.4474806449796796,good
170.40857059952071,4.526559698900962,0.03477351785650234,0.39388437243515034,good
162.13326414660227,4.703266118191314,0.10555499178206838,0.463509188115316,good
175.55960540950565,4.058364004791333,0.0017976289527847557,0.2696048933138617,good
165.6941902066418,4.090481449295029,0.08032336703105002,0.4529137671165769,good
167.37947743235216,4.750995230007935,0.06954426277069509,0.5079273873015303,good
175.85229927597143,0.2387503757977716,0.04099142734740955,0.6013017629615937,good
168.20686988482262,4.472290703855606,0.0575349792901445,0.4515190343140483,good
172.9475317676161,0.8780968684112211,0.0825108583109518,0.5980220985662812,good
163.10952349840255,4.932909413734688,0.0723774472669031,0.34933354485448814,good
165.02128753163186,4.734952235966811,0.08555672191360335,0.4810979783244933,good
170.40099664912344,4.173274044237804,0.033861778285769195,0.35811585927316797,good
173.50391210677867,3.6911214248931374,0.019256401177882947,0.39349894751549247,good
166.58051281701987,4.58605491505554,0.06488524601331204,0.4225332970553112,good
173.44775917166942,0.899973888377621,0.03679840958186274,0.37362305591665873,good
161.62325614978556,3.3864530091563867,0.10786709107091254,0.41703018106650813,good
171.4229732128632,0.8123425291406151,0.08108804655389362,0.6001859476855707,good
172.97704882061365,0.9039723627642464,0.07918037192317329,0.574145354939755,good
166.33170897499505,4.622613269993202,0.07031766096474129,0.44725126392381087,good
175.66440849149365,2.531266396410688,0.013766200167062941,0.43721364123122797,good
169.97449862487903,3.845001055784415,0.03152130691510006,0.2927829485735374,good
169.56413367134894,4.074474150073389,0.049302450835280676,0.4449708885099172,good
172.28047641102103,4.443044425715978,0.016150312405006806,0.2825744413968501,good
172.555044411384,4.74193740760686,0.016251199822272067,0.3446039127175971,good
151.04621914074005,169.64036766138824,0.06178726719197357,0.19377400733312117,good
164.21887552609925,4.572366677403156,0.09827766331713385,0.5055843925106779,good
171.167111618253,4.575432475137743,0.034392686762654785,0.46327440735094055,good
163.66905371538417,5.545035117879362,0.08440060285985602,0.4510030326939446,good
164.41387004718564,9.78105177580827,0.05257319593625708,0.5197831762245986,good
167.68875250909906,4.22100692556572,0.05996520310431085,0.42609320982236126,good
166.45370260586108,9.605671933534294,0.03374326879614916,0.49100630233208237,good
166.95592123887235,4.091254134174475,0.0669134171187909,0.4299762770492039,good
173.92911505511168,2.569229789951173,0.028790780673630077,0.47138210124676355,good
176.8804386308096,3.693805728195145,0.003307869208891528,0.3300513359865625,good
168.61218590219949,4.4541231622457085,0.05318607436339537,0.44057173761767426,good
171.05332222606162,4.127128387006521,0.027142692155201337,0.3230586645822878,good
174.92915631330345,3.8190361475477306,0.0070993739505984576,0.32496730894089626,good
172.72940239714706,2.116847273245816,0.04433809324368843,0.49358513560877476,good
172.1586197329421,3.7554034555819604,0.024299419587674283,0.34102860546077435,good
169.71165305895718,2.771040015474677,0.045800443549468835,0.3500876038536552,good
171.82060863320694,4.894331393081976,0.012834962367818762,0.2239813713231926,good
149.36535403315509,168.96207042296666,0.057830854786453494,0.1724247824774781,good
164.23833630292077,13.658696056644294,0.020183131178612482,0.5500169842813896,good
166.15585295467798,4.450992786203009,0.07435583534211394,0.45558916684212425,good
167.77578970464796,4.0655087838712465,0.055967059742532285,0.3943689804144643,good
174.97199646571514,0.6392169088444741,0.0708646884502532,0.7176138201740474,good
161.9383212624434,5.585225677988568,0.08103439923022612,0.37509263212277777,good
167.89099079554396,3.5048783905640435,0.06719034500209037,0.4491134221142683,good
166.37254783335098,4.377808414116442,0.06967315023687987,0.433462101736918,good
168.62960662619855,7.598373185529306,0.038468560033033165,0.5847474204318177,good
158.3021482501864,16.441460815805005,0.05682118066325037,0.620232620610036,good
168.37884672437806,3.7237172676403993,0.06188894322282016,0.45042826713023504,good
171.2985419682242,3.770163907199565,0.03526053493938161,0.4101917617226338,good
172.13753771065768,5.098214091089826,0.011298397766700203,0.23427769800755763,good
166.8773282070249,5.0488721087342805,0.06053765918535121,0.43103102052462805,good
170.39252337846446,1.5082882233407222,0.051589926902100555,0.3661789284636645,good
169.2879150428151,3.750476452863869,0.03713514050057034,0.30638479841301963,good
174.010620316026,3.2882956251017443,0.021397756100650655,0.4540604166983336,good
168.40464372523167,3.900188589734904,0.0531805043936758,0.39715809973416843,good
162.09157076693108,4.819331251981774,0.10269302812955347,0.45345896368299204,good
168.60223461496543,3.2679603095880516,0.0646657768890395,0.45727270138666926,good
172.52635815280797,3.3812643515802634,0.02876217868094826,0.40303062985969423,good
167.10440430453303,3.7024323989335546,0.07977443916112716,0.4993286316282336,good
163.63492112604078,6.158529568193093,0.060094227012085805,0.33913748973363145,good
167.77793093922023,4.39558974297461,0.05851672893897704,0.4297220648552004,good
165.6297990905258,3.0444672544250384,0.08774385233388719,0.44679154549890104,good
172.34401701205823,3.6054590123293013,0.03001161185022258,0.4248763503392461,good
174.0678864563804,1.7946264490591601,0.02596681905235832,0.3599003333787202,good
166.18688884793545,4.994112718080902,0.06708590910395461,0.43757336970531713,good
161.5767294140099,3.455361320954314,0.11363071886609007,0.43995508255960203,good
167.28007202759483,3.71469502253478,0.04559622826300943,0.2913037774760194,good
167.30350557106036,2.8013790998728765,0.05164798644904797,0.30054963322355716,good
165.42806439907213,4.716421560423763,0.06610729334616086,0.38622153281398935,good
167.4835560096593,4.858872623120121,0.060729655584275906,0.4557493762646449,good
169.0634079434071,0.48482710063665196,0.08156306225580431,0.44961191441371173,good
155.79963763132756,4.121452548705817,0.3002558905788986,0.6328859085886382,good
161.32224995811393,6.548255358180438,0.07502885678152832,0.35707303587793865,good
166.44334285366705,4.323580207622549,0.06646509511932562,0.4142391141378882,good
173.066767965311,3.0234594299772577,0.027765229984384677,0.4072016301264108,good
163.32657695832782,5.079283079004141,0.10169295411280828,0.5059911515328004,good
161.77267493753226,5.4695702395794905,0.10685604044293029,0.48388493430331236,good
156.657166197525,17.025328818028143,0.06885415606479406,0.6257308224998777,good
170.6428219430222,4.156591977074632,0.037021940650382015,0.40843789115579476,good
166.61433277401218,4.686298606853629,0.06413110874445392,0.4240075341867867,good
161.48072562103476,4.754512648769756,0.10503311732827314,0.4414340610190116,good
172.9263700168598,3.2981151705772165,0.02971916990219127,0.45133339729497013,good
165.57610942447857,14.102501014980382,0.004542134343990406,0.8097540324522254,good
173.49098810542793,2.041115461761974,0.035772524397840504,0.4592079053563564,good
166.24186054704037,5.106533131150929,0.06752993405622826,0.4489250449113794,good
155.93274570964556,6.321929013584367,0.2958252007964492,0.5847839575192634,good
165.94250424716043,4.783496282554942,0.061890762450860455,0.38404261875626217,good
164.7618811144913,4.119080632886732,0.0878919651225972,0.45575767446090765,good
164.9513648593276,4.6947852027597055,0.0748612833673272,0.4165281025556218,good
169.50866442898786,4.064472041484084,0.06987444900036875,0.6242421003454144,good
165.78359004879076,9.044266051670212,0.04390343174263195,0.48701293344046714,good
166.03987426734574,4.840854271530538,0.059975161253750006,0.37841564065753425,good
144.70038077638208,4.029202061168608,0.27866707513189215,0.4396974473128577,good
166.7641972031634,4.977076782614428,0.061797361917465266,0.43021389703695617,good
172.20454467120476,3.628102802503531,0.03214563418426923,0.4423513716606102,good
167.1695316286096,11.640565616395232,0.016773972097490125,0.8077524751419048,good
162.44246232247505,3.6676114153931136,0.09889339752924457,0.4119573523637855,good
173.53855105318166,1.826550798644734,0.038842400548782775,0.4806868759342975,good
168.3394408960239,3.8390724560954905,0.05967255943212225,0.43848797439844217,good
169.3379540460212,4.331038165568779,0.030709815132028823,0.27849096170744475,good
164.9899074557279,4.4142925106804585,0.06329652653878391,0.34422867232059345,good
167.82806983498676,3.8430300747297985,0.05472877071909791,0.3778168302439415,good
171.3984345606596,4.451200131365222,0.023201014262010038,0.3205702016981389,good
174.0431887301842,2.9472055362969947,0.02629116144508349,0.5007518132281538,good
165.46515070056813,2.9699375575668094,0.0996067054684088,0.49684609975350025,good
171.62114255753352,4.52853498941609,0.02478682497587401,0.36912491086446286,good
169.34098953353995,3.258286598775651,0.05747159490559895,0.4461798881795602,good
166.79594648730117,7.119971118192741,0.04492097716087879,0.4238314815856075,good
170.27176250785058,4.363390776734203,0.04407542887679629,0.47140767665210564,good
163.03217034289318,2.9549953652139136,0.10190196975607703,0.42084038617631103,good
164.48557259556924,7.3314508730111605,0.056784153699860805,0.3989476499106234,good
167.0392599731112,4.857598432786879,0.059222243704666104,0.42014846555120006,good
168.0633351700524,0.6323144548824146,0.08934673158765927,0.4558027652186045,good
173.58784588956772,3.2809939885222676,0.02643694871645252,0.4839994595946837,good
170.12295412654746,4.726371199909438,0.02452222574891508,0.273151445248759,good
168.54301574451006,3.0223545361712185,0.055837299022154015,0.3806718609379458,good
165.98654671559322,2.9451928902875686,0.0627560659428579,0.32689138837863685,good
165.18890952481567,4.276257413150092,0.065273383833823,0.35701044051831826,good
167.96045094957108,4.6061276779020295,0.05765133198163516,0.4456175036929513,good
174.0259280844672,3.92756667347955,0.011645040336394474,0.3260942320996611,good
162.09668855296408,4.152446353673208,0.10846300878765303,0.4563010265959991,good
163.3557254355568,4.841312946845001,0.07661861582690445,0.3745777118597645,good
170.21118286188445,4.410009335171368,0.030200174778055217,0.3221693053535263,good
167.99332490048545,2.441327177784862,0.053419842387711615,0.3214724266671052,good
165.701104831257,4.998137114803479,0.07103713587976289,0.4395403306988913,good
170.2689248370845,4.155653250145382,0.030165873458653656,0.3104891403017195,good
167.36350133735175,3.8314711295195085,0.05823357406690301,0.38043120175190376,good
172.56001377903195,3.2560776730902066,0.03492432257914857,0.4786901351282497,good
164.23433078596184,5.171265624392582,0.0786791946031353,0.42794076191366603,good
164.0776480053507,4.587584807555847,0.07881024495812039,0.40098598272503805,good
172.18229126683818,0.07902868780434984,0.09386714821477077,0.6970928330204007,good
172.30577828508643,1.589374596648859,0.07038904663515104,0.6618734794603107,good
170.85917583397864,4.126314076230678,0.038173697984101834,0.4367298991018591,good
170.8123056170397,0.35420144808049187,0.09712250479628479,0.6324583027604072,good
173.06175253290957,1.178478698543945,0.06830724376962931,0.6806377998484752,good
169.47648099801677,3.529424622020363,0.051659472355704256,0.4242484089208073,good
167.89003243070962,3.669882353522291,0.06249380909620856,0.42577934772862347,good
172.44065258695898,3.2687989700857023,0.03388769984540705,0.4529579484472942,good
166.61409597962415,3.6110080948121475,0.06994220077834251,0.4119633462391919,good
165.17257322109347,6.337631257023419,0.06509528967558899,0.44092563019700887,good
167.24282956395345,4.381177630852864,0.06321210976777056,0.4339449305857732,good
171.2112228683811,4.50270637946731,0.020162855859244502,0.2697866562752537,good
169.7776244675468,2.8876515824831075,0.04876679583448536,0.3819881780552575,good
172.51454447926747,3.4412332363203832,0.024582550036560995,0.3485581427937156,good
162.44734523320048,4.8051607978240405,0.0852059335486078,0.38615041810402784,good
168.48240873948768,3.1505049706857915,0.055020079405838626,0.37810663771710645,good
164.0380373454173,4.352411863486261,0.06160921148889879,0.3061461048528931,good
170.7154689021811,4.27279125032567,0.025146055485727122,0.28784450234080644,good
168.34172038962518,4.223463585967229,0.0570864148045827,0.441168654733982,good
164.79647072677233,4.954011748914954,0.07341165115646779,0.41257506545316136,good
172.69125084813683,1.993503475130329,0.0491094182155133,0.5301358581026233,good
179.68318962835832,3.5176637164244347,0.013015027952979675,0.23309227811327513,good
170.48525750279614,4.424047355555799,0.04145628243553347,0.46720496528665634,good
167.1005156857612,4.057208538683797,0.06748107000750474,0.43900131682907034,good
164.95281277706118,3.7934329509868037,0.09213871127626733,0.47213192734268034,good
166.92688000328152,0.6038985847891465,0.07622649359039002,0.3530391506630442,good
170.67856913015893,1.2790812363221085,0.0871752079530771,0.6231028313966686,good
168.18995599778293,4.2474846189556485,0.05698398825682361,0.4329806014968274,good
165.51095382842203,4.95622980924217,0.07055734754186435,0.4260388387828654,good
168.05237899965402,3.3236149967043986,0.06162336866351879,0.41096053168480035,good
178.03682739830094,0.5631347965997464,0.009444258178408164,0.3865395523753632,good
166.2417605514692,5.308098844729365,0.06929109594079162,0.4715325447010495,good
165.67428732858133,7.890916604575824,0.046378803685056896,0.41382882962489836,good
164.00704365687562,5.846214375630222,0.067781978728067,0.3847536212873383,good
174.61204767615706,4.37626930434371,0.005027471097169044,0.2847412069919224,good
144.21091078027786,170.83255815851416,0.08362643224133728,0.18662578412858452,good
172.8805482843349,3.271564751775354,0.017899470789617893,0.2667270296905111,good
167.4594020733772,4.813400656091238,0.05164630782339435,0.38411144217213816,good
168.30266703253045,3.9900629784641457,0.053634070752005714,0.399920220054758,good
168.46099162283133,2.567712528914932,0.05313926454929375,0.3407681810899831,good
173.2750543108073,2.8258910475958237,0.02278539029265939,0.33508503815029095,good
165.57842208186958,4.378071795603501,0.06730406839291282,0.38592685908070007,good
161.8991337846544,3.763482280494096,0.10531236890485468,0.4252790516876477,good
169.299135365731,4.140925956941099,0.04812218652850013,0.4212282091034319,good
169.0160922102768,1.2848890752133866,0.0662156305978749,0.39303525198640976,good
169.21236797822058,4.048349773018956,0.04535756599810088,0.3865098868824706,good
175.33581192881613,1.7483449947291478,0.03683909535732847,0.3298443246683644,good
163.257101966147,2.6593069286118833,0.10326645606727577,0.42437588134747783,good
167.68482267595766,5.286245237070627,0.07505496697122016,0.6133418771120093,good
167.42625968711567,5.931461197843918,0.04356746737186734,0.37665267718107737,good
166.70560478745747,4.7093686281189004,0.06858018311695604,0.4594157846651687,good
171.68893868117993,0.2979683750573327,0.09328771478644528,0.6692117939014839,good
174.91806375142903,0.45746919663862534,0.07294722017555687,0.7556923200903269,good
163.9267617964252,3.151030151161445,0.08344421457872411,0.37313862463619646,good
169.00102025831075,3.097992767512953,0.08747154083609084,0.6363343321955942,good
178.59189143267238,2.419291337724809,0.008024259061198993,0.4546952923291256,good
170.0471995855196,5.514215295147427,0.029242711320636793,0.3778593651737542,good
166.94427572741785,3.512922728286285,0.06626590299826955,0.399711468339773,good
172.83101109395037,3.399081591810636,0.04795475878281358,0.2614712582969114,good
165.1404390802908,3.468500668135015,0.08884181161997923,0.44982196314158485,good
168.74009234966417,5.220778312859278,0.04019422529167783,0.382046663210239,good
168.29809532565073,3.454522061623532,0.04052292147071792,0.28249321996928445,good
177.86759130794877,12.733585616637805,0.08434109363388423,0.45844641545531317,bad
173.9360427395038,9.220379735904249,0.12334100628301102,0.46789312478376455,bad
178.41415515805767,5.2516546060406215,0.041618451805727735,0.3495767636879818,bad
171.09642046664456,15.968498477798503,0.16246189312347542,0.3862679834658358,bad
151.35759665411933,4.601756566701889,0.20164549895563197,0.49497571826382775,bad
174.0439376514896,9.640647762721175,0.08667947316020674,0.3223908995556522,bad
150.83877096558075,22.80756283918295,0.2557600189504603,0.3247023493491776,bad
149.26254910687794,1.2375227302593208,0.25174352804201894,0.5112348521117617,bad
163.15803048593435,12.972928730077243,0.17789074572049282,0.35778538760444556,bad
166.48765170049924,7.819543117525568,0.10997736500683424,0.30232684565748363,bad
178.88064798272902,14.047071428843648,0.10537409312718908,0.4027698103786506,bad
173.21122908087347,9.869426275000707,0.12297443157847202,0.4289881283664044,bad
144.79903988365024,5.907708513943257,0.2752877897813695,0.5626388553796515,bad
157.8071697889141,20.525162968755357,0.24331133108672837,0.35865973431154874,bad
170.30233752556038,5.558072204584573,0.13749638203040232,0.5225460542273968,bad
175.67316608798487,10.309448383058461,0.08482078111727592,0.33568178905015533,bad
163.66969841648427,14.323520940983814,0.1899860288952302,0.3726314016874585,bad
147.06791050673075,10.313347542756615,0.12988476586498374,0.3377162774910454,bad
178.81876986085268,5.484679072337434,0.04509403875960595,0.38847452529551024,bad
171.96917123780042,9.691336256940893,0.14175895434450586,0.46569717349953677,bad
168.29462514904046,5.63062534875039,0.08601624673051667,0.2886696189383498,bad
169.21300427653233,8.749217525466522,0.13296609601755346,0.39762281737604305,bad
169.01029749994248,12.708894373908432,0.16546327262570137,0.41167662479168127,bad
179.13848972652644,12.944869863208542,0.08523375821139632,0.4071652166747299,bad
176.32911482114991,8.143000125158489,0.08496380812633089,0.4149975656099757,bad
148.9193365774046,23.772620062500113,0.25775150813086956,0.31522272226446385,bad
163.92175749834618,12.291502713778405,0.17841332570260907,0.3754808018131808,bad
168.9432539099577,8.731423275407362,0.12171842885210499,0.3595354207732864,bad
174.81273503871952,8.324067961792679,0.0972827647938902,0.4163830090555576,bad
157.10423674074283,14.089175378567909,0.18313951730118996,0.3044181773552183,bad
170.05310173970108,11.721718283417195,0.26162404078855866,0.7085516675056301,bad
175.65109684417303,14.977420229031907,0.137434788075201,0.4152761199588574,bad
170.5749247916984,15.640120463292751,0.18696068873458352,0.4413100832971014,bad
169.70672014881077,13.292534475033667,0.17463781714184096,0.4364612682588697,bad
168.77759548652844,17.663137594768287,0.1908718405180176,0.3951295192699045,bad
171.11443823246933,9.724035289330839,0.14407283465440773,0.45147189834077645,bad
174.8589046789609,17.218613766680857,0.18417507594674307,0.4841359853505263,bad
167.40442719000768,9.484988180652332,0.16506518363232275,0.43910837776589046,bad
167.16327630241622,17.456237515410507,0.19615494459569663,0.38887106205802674,bad
174.6013013222213,7.531881569884918,0.08070664546599135,0.36066730565897254,bad
174.65044848331158,8.998979354631297,0.08757954039104827,0.35340023126480824,bad
139.53016340630253,3.163687464376711,0.26659236514953594,0.43986784905820137,bad
177.9853221544297,16.337662203890762,0.13599869100895637,0.4319343531752935,bad
176.41377306335374,7.951683353819187,0.0842523363756054,0.42122742111349526,bad
157.87217696804103,5.74349148817188,0.14169548158556675,0.5023253348997451,bad
169.58524596558223,22.095720303596636,0.2278292975339748,0.4239049114773824,bad
167.3017012025492,8.414121680320967,0.11429585558199477,0.317313045629132,bad
171.62400976848875,15.750158361325633,0.20782913719534407,0.5084542001384768,bad
166.99870740582,4.956236749825065,0.08252558974824961,0.5896716074126391,bad
146.784369817808,26.01272684052818,0.2921803856369072,0.3400557404970013,bad
178.29233071081484,13.280642522296517,0.08405273000846872,0.41897357342340763,bad
175.29568510184134,8.648295697095488,0.09821774455371271,0.42528954056589907,bad
173.14100172994887,9.072139289080923,0.1034198098196961,0.37678197606001756,bad
173.88212704998756,7.220398394432725,0.08022551609233985,0.3477486325295868,bad
168.6063997648544,10.277887097938471,0.16993548681372536,0.46017518021168236,bad
173.75640396133466,14.032317693441872,0.16423849636410937,0.47393622113316897,bad
169.91267691438398,8.559899248605387,0.10344591243866692,0.3235310039998851,bad
171.80276700210246,7.356710558360148,0.09465030696618366,0.3529811388327771,bad
177.41930159627427,13.002251485143152,0.10736709383715838,0.39967918238699207,bad
163.3868186486448,12.859584824877512,0.1785556409285105,0.36291073540767266,bad
160.48596131542993,20.026383350247293,0.22481677531274508,0.3531398844184121,bad
172.45460411954843,3.7046305364185588,0.036197496175877364,0.5403917277963277,bad
173.5549523550683,9.169097136497264,0.11556868708038211,0.4293718283784474,bad
168.2149610238044,14.487063210519045,0.1747302507899025,0.394750519823139,bad
168.86509044317012,7.844964481377814,0.10607689737101343,0.32615360826619144,bad
178.2678372077446,14.15503002030936,0.11454260679131403,0.4184292915491447,bad
155.73017306386066,12.86396630354464,0.10987702426116669,0.5556146486579336,bad
151.7924370452212,26.275792529016023,0.28965866904579757,0.35586929392576694,bad
173.87353441755403,12.538177703440331,0.11707685945277388,0.36583270148053454,bad
168.01850295577242,7.640810669459844,0.11201695401847528,0.3335641468378766,bad
177.48500249014555,12.771611997448073,0.07395502510841193,0.4153443238808337,bad
162.0422884999842,176.61084068514035,0.08588768853565994,0.23594658084232517,bad
170.0705100763764,8.538302815090267,0.1035181160465068,0.32679109575722376,bad
163.12429509014513,11.664660661576018,0.17700666100331872,0.3704790568848618,bad
168.4050435410708,18.450778603996138,0.1751353332538616,0.34978717258073877,bad
174.02356382049345,14.700737777301892,0.16859283805729236,0.47746194877664716,bad
175.21515481697512,15.078593211218546,0.16591733770784925,0.4883089042380054,bad
157.1180848562099,1.1391948674089385,0.20748172933328812,0.5096914476555076,bad
169.78449061952068,13.170388233675206,0.1814545721725989,0.4571542450931075,bad
173.79585805455895,15.147194342257006,0.18705289038635425,0.5137603703444409,bad
172.75405714133692,12.928380988380136,0.13075946543721798,0.3791474645269929,bad
176.47663962695646,9.013914546424731,0.0925478030049843,0.4263407745525503,bad
178.94226521813104,20.251636869116652,0.14641656801254027,0.44535173153337926,bad
142.33921217628455,24.337071902696948,0.2637016435638107,0.29866651611387846,bad
165.33035922187386,13.707012750890595,0.19520643363544515,0.4107311311239943,bad
169.74421512121384,8.516733542463365,0.12685579307777484,0.39419272547818107,bad
175.47864330230257,11.338574605577259,0.058241319735724856,0.49065006470315137,bad
164.0456405026262,22.161586217681897,0.22678008215497844,0.3674010478994941,bad
165.80665130873606,13.42009745133143,0.18582162641133898,0.4009062013701067,bad
168.49975227657015,23.7773007725349,0.23730828390823566,0.41089655855204527,bad
179.7795976477674,20.651088711679165,0.16684296589619052,0.46830074231983904,bad
173.97166616706346,12.848942544800652,0.1175343740798026,0.3632737360273816,bad
173.79500753860293,15.242115813317959,0.18355872016395772,0.5020173691073744,bad
173.21969993292458,12.969727295221755,0.160005118643888,0.4735039650109075,bad
171.949096316165,13.511858659778898,0.17665662741400592,0.4806718919329294,bad
171.56590792600727,14.28856525233136,0.18619220501338235,0.48202502721769863,bad
176.92204752141342,13.337623307319188,0.08753606061981078,0.4914729045071455,bad
170.57428035534068,10.132388441328214,0.13132340991736058,0.3922880673892615,bad
170.85733425216026,8.97383917337306,0.13245111388148575,0.4259559963966011,bad
176.7241186113402,15.93158023066514,0.1337428159628502,0.4065259321271329,bad
165.14331404108816,2.907969401390057,0.12790281715994425,0.6177802610121771,bad
179.94974431371546,20.2816300695619,0.162455178566341,0.4697788209019692,bad
177.51464056579138,14.26486744322603,0.10592886736665279,0.3675532455117789,bad
164.9261991475478,22.29861739485583,0.23019481079880308,0.3792377840669297,bad
161.6635638187897,3.3522383036329315,0.13857537119501886,0.5359658076047328,bad
176.62871149763095,11.412496285859037,0.0987773831629078,0.38710098896489326,bad
179.32381463504316,15.094478077231901,0.10276375519837729,0.37810326530653693,bad
173.05086085494784,12.048739958542676,0.13645681819156838,0.4191794795021162,bad
159.61695427284505,4.125572454911352,0.13053182814265477,0.46626131086870226,bad
160.99654184863013,17.597712575277072,0.21041035370680602,0.35289464378702623,bad
175.2178049456996,14.932090140603119,0.11824005963990755,0.35051749637928037,bad
175.80176624346777,15.236765644875893,0.15575937720446617,0.4681152500066608,bad
178.9186659152256,19.27446022006661,0.15588604930680902,0.44814313077543577,bad
164.8333916642225,1.7337156613521165,0.1383069828884703,0.5953646970712703,bad
172.86933443877726,14.186965091609817,0.17414363532719404,0.4790246962111588,bad
172.20643456473533,13.848318713211123,0.17426373995400787,0.4725102647482636,bad
179.99898298821557,20.065620527041094,0.15778390595231573,0.4598601351294961,bad
176.75443800425782,13.079472805219696,0.11759917278833695,0.41837426281981566,bad
178.13231121805006,18.374633761357966,0.14280712514773106,0.502609154848489,bad
159.9547089298254,14.694518791067683,0.20342265634479675,0.3569754042999231,bad
171.69982366012167,0.9904282693372127,0.13529686215218756,0.83805247283668,bad
174.71997005410856,12.077838606188555,0.13437658236700742,0.45041570144599524,bad
151.49796056294798,2.8819669485707893,0.2944932060918351,0.5654942536829338,bad
173.30395045734713,10.68542089516879,0.03436435716425062,0.4939435963137671,bad
173.9589673036758,10.565065981560027,0.11316892604716446,0.3959857899579619,bad
176.4218504079163,19.044260543558554,0.11454751292876421,0.4295504368433975,bad
154.5018234388133,3.797777700300409,0.2878445263645501,0.5882531127795573,bad
170.65396892860494,20.309410577311528,0.20326696671487762,0.4108204399112111,bad
178.39557785695504,16.20899372675907,0.1286994527020726,0.4206988548253238,bad
179.36969966679447,20.108149329100947,0.15397132499645116,0.4617628839599663,bad
166.0316634419465,9.351792182716544,0.1414456527798777,0.35730496709801474,bad
173.46275978529894,14.303180831590495,0.1702995315540696,0.47868360660596704,bad
175.254251094772,14.358089010681114,0.08474569082433106,0.5075166573008711,bad
167.9698827643957,9.048971227294059,0.14147952159864371,0.3933742569018832,bad
173.85697825855885,15.520518297384097,0.14945389173102383,0.40485356207244555,bad
167.99883327097456,8.427844708991312,0.13571257168314121,0.3888093316784901,bad
142.82189960075777,13.875233159477443,0.32592952995595,0.4190772282100094,bad
173.14776351369423,14.003791647790022,0.17383192298709485,0.4882632048909697,bad
177.82077584815073,15.414037770054957,0.12155548808991766,0.40215832762933323,bad
178.33208735003302,18.59801364189088,0.1610564904147442,0.46497343892126347,bad
160.53835469818844,4.536738204869626,0.1612610503138298,0.6261279662289952,bad
177.65066980983107,20.249470944151152,0.1824331348438236,0.4747450592360546,bad
144.3868243864982,6.009251917433449,0.26116180485289753,0.5286661125678515,bad
169.8078423762685,12.890381458560805,0.1610924037739109,0.4108904909616689,bad
162.7506660312623,20.26009342220718,0.2278875793243448,0.374266035545576,bad
165.62287716372023,23.62391946034997,0.26424659121444916,0.4291976179376031,bad
170.4503235839911,5.94763297158815,0.14136033354570518,0.5290567796529029,bad
158.56570266395224,6.595318909419334,0.12432252315100559,0.4854387264035612,bad
169.90114691739865,8.152439325322717,0.1080408817867003,0.3449743855613838,bad
164.0725862650249,14.143430355117161,0.20215748867690947,0.40345124829409684,bad
160.6832455022092,26.141519838370517,0.27002598003177153,0.3788563111201461,bad
179.69936203348257,21.664116606435197,0.18912130594408236,0.5191600544258445,bad
169.6376748273633,0.17742208412791585,0.11128488074173021,0.6083880909132936,bad
179.70970042354048,20.356510925191426,0.15341383486520802,0.44713269731490696,bad
175.0000179687725,19.41678278821566,0.2085724058971318,0.5045648261948708,bad
176.51890611106575,8.816885619793416,0.0908671409629857,0.42661444456297265,bad
178.16849285250552,16.052559890143186,0.13553059217592076,0.4413354930350548,bad
172.5664776344645,13.852663407638548,0.1705701951770599,0.46985593316658325,bad
169.30146095918514,8.721727926153221,0.13261223852422105,0.3988400941690353,bad
169.03582527118894,13.622023950968739,0.19633773641185992,0.47189564875820816,bad
152.54969776372033,2.068802061982299,0.1869742787603154,0.37947851735737603,bad
166.99770539363578,10.7524697417376,0.16496286033680277,0.4095171881727953,bad
169.68210635069318,18.88949131407811,0.19397130025703793,0.3975048437161976,bad
178.70187076848777,18.666924871624236,0.1575251634384028,0.46134594949816643,bad
178.15265595084207,16.846763350642135,0.14721780529990425,0.45931560834619534,bad
177.09409138385487,17.08615596110234,0.17176220658077263,0.5023902715423516,bad
166.0535141776106,19.142440125039286,0.2007529936993208,0.36771985906012544,bad
156.32477452333112,3.5380725266041844,0.23193978445723404,0.6737175705441106,bad
157.52166587071062,13.190304775597998,0.08976607514846764,0.5561796135814552,bad
166.16065578170776,22.343976040902454,0.23319368875923455,0.3949953471398431,bad
157.7835900673909,4.891529811160469,0.2911834353007928,0.6390250505248914,bad
177.45869834045462,16.430695695781218,0.12585398146533272,0.38711675502821213,bad
170.42623064353882,9.517294822638664,0.14573890663097344,0.44558863353582084,bad
169.5112863290817,17.22587177377985,0.2173959566498344,0.46745041102763346,bad
158.35953445475525,12.190909057297121,0.28837450596498804,0.517959964495661,bad
177.40704057345928,7.635681313089538,0.03104743167351824,0.3532190547433589,bad
158.97564034657668,11.76155706730415,0.0954656669259161,0.5930903729017267,bad
161.76986882349496,24.53334577600766,0.2493689765729451,0.36727353010044594,bad
157.31530479451044,3.4851835316791333,0.2355068557133693,0.7161340990207535,bad
177.8861544080523,10.334476269485382,0.09364091256477736,0.43440975930830983,bad
177.1087769692907,17.986289855405488,0.1724217908652363,0.4838262251741183,bad
175.27328852850425,15.438953186951574,0.148542392548558,0.4308877180108137,bad
179.65181370120237,19.45428335608,0.1534590560835865,0.4529775864697633,bad
174.01628328173962,10.413421864435326,0.11023455378143819,0.39049618688564475,bad
172.6681788586968,17.897546976328822,0.13801019683051566,0.3237828875583881,bad
166.71309090207353,11.112797991074947,0.17227260281517226,0.41702419993537265,bad
169.7924604410104,14.409282534840592,0.192387151720625,0.46186100489171944,bad
166.5339049445107,9.281622956756385,0.14883300795978013,0.3849054210196653,bad
156.6230793787122,1.1004482197917291,0.15971446978102266,0.38547295696105366,bad
170.1117044296194,13.482036214072451,0.1820936086277725,0.4590526317379638,bad
179.18056104299546,20.606586920558353,0.18200601596150615,0.5376412809768787,bad
176.59357180337392,13.824454399137252,0.08674331881403695,0.47969915372345856,bad
175.8953096331285,14.573796860005194,0.14657158177015112,0.4576681703827083,bad
166.56885309509107,8.964987485934373,0.30274241111045397,0.7945828230466241,bad
162.35617999521602,13.78548743873518,0.1876298767378406,0.3598259791158693,bad
175.24493755562898,9.71012438919854,0.13192728994521516,0.5281491986335449,bad
156.50436076327367,18.03607765781961,0.21039185385193337,0.3173165809570845,bad
169.11853898819592,11.64595200312046,0.15443651644453357,0.403096505432943,bad
179.67066520825242,15.063664979549356,0.11242019722472653,0.42352662204000074,bad
173.52220795738904,12.127314762887368,0.1245617796244132,0.3904222122332125,bad
175.22766345238438,17.25288937104323,0.21932405972711383,0.5848411192149201,bad
173.99763652408768,15.396770681526364,0.1546799504952314,0.42394014078720843,bad
177.86892605139818,18.84380668559236,0.1851974474240903,0.5173711084672574,bad
179.43845084763785,18.002974635050027,0.13356402247109375,0.41952134484796016,bad
165.57132632686063,7.831809256700268,0.1423953569275251,0.37589390139596457,bad
173.74586658034147,16.673025394207627,0.09306069638781694,0.5145925861424997,bad
167.4121726261085,13.626585488344135,0.19873986233973395,0.4499109565491301,bad
166.60100123696878,8.560101403272194,0.1430041240226818,0.3824205742885102,bad
157.88432079399286,5.131080780155455,0.21863879559580557,0.4775611737969703,bad
173.924330012201,16.018909472306177,0.14499952114944342,0.3854969679133501,bad
155.11626000370654,9.087804319900606,0.22661640406260217,0.4055548860558309,bad
170.18085783149687,12.78310014639821,0.17410921305835927,0.4530183822780594,bad
164.70230935323525,7.581517513927096,0.13763483420757675,0.35400849285568325,bad
169.08707430355992,12.553874257955892,0.17857451446361042,0.44843449743899827,bad
175.4900624757379,15.230300332017967,0.17213714070148656,0.509648859678611,bad
173.58002203471028,14.869802912282207,0.18477273820401022,0.5088965734907361,bad
165.3678885223413,9.860506198500518,0.04007172004361664,0.4817239489092582,bad
179.59759848736945,15.669297108794082,0.10778697180312244,0.38934747884595106,bad
172.46869468845935,10.967004400922942,0.12043276941070835,0.37958279671702877,bad
166.36984223392247,22.846689737975986,0.23656101456153997,0.3979173191993286,bad
168.71224966304865,11.9840773436316,0.16223330103578573,0.41061965154060104,bad
162.9615781610722,13.732062525197838,0.19016567772550325,0.37170751217482084,bad
173.98970921288944,14.348384249474492,0.17108677065708403,0.491775709457441,bad
176.44146253197965,13.827804892161268,0.07552490368490553,0.42364401784551436,bad
176.55047198677673,16.513325095793405,0.166295873967965,0.4870843475064361,bad
169.69667614960366,13.616532159017552,0.17927359115717012,0.4421503939936591,bad
172.0831909737406,12.778064590888457,0.16705000951904608,0.47270570124672967,bad
170.1224455976899,13.67222662110005,0.19196366845072185,0.4804548485270321,bad
168.72690750816795,13.309639873083427,0.20131648089765145,0.48392599564653466,bad
172.93871151017962,13.221216362661094,0.171141025808049,0.4937008354866313,bad
176.03534125616633,10.309541871373849,0.10186882846076652,0.41315595166729024,bad
174.04982737855428,15.003745173190408,0.16944528084011273,0.47381778850504214,bad
176.3567007573398,15.432852256207616,0.1637693521827693,0.5010925654221545,bad
164.83388676220068,0.4689101220894727,0.14093844653424342,0.5555084251072008,bad
179.51276591820738,18.148144582998565,0.14716220838534888,0.4605374892980835,bad
171.50226194738426,10.019120701661803,0.12362621772332445,0.38927132037875306,bad
158.02611870770656,21.13538407555374,0.22868729236619334,0.33463567887678125,bad
171.30647542138766,15.97653252962423,0.32788480274160375,0.7855556005440667,bad
167.00784224209121,15.860320166282238,0.190013642133549,0.3937648808065153,bad
179.03538066178922,17.909730084997367,0.13913571293531501,0.43010313525748955,bad
164.80807990910432,8.045645200374357,0.1533007582007049,0.38855130306182534,bad
163.67009262954446,21.74804695778084,0.2403811948733465,0.38976539111472214,bad
166.82954406614593,14.433480864975573,0.31315911406973257,0.6758485674058077,bad
164.46673188375513,16.463773896774565,0.18889731015273803,0.35649377388609843,bad
175.89076223328246,19.18972846686895,0.17095528693887688,0.4322194241811108,bad
172.68405277871955,15.102577582249262,0.1846525924994324,0.48418318516563447,bad
173.94376032173625,14.907341439500286,0.1672887384824438,0.4675815475140524,bad
171.73560673400675,13.26779326595482,0.16979021560873053,0.46261358685983195,bad
170.03967028624686,13.63693273431368,0.18583618123602316,0.46423618408804285,bad
170.33174255411217,13.87342308420363,0.18430043953673797,0.4614246748656835,bad
170.3708801844405,21.08296868449614,0.20139116620769135,0.39432460456579466,bad
166.80347317782739,9.735495724377827,0.15394542540517314,0.3950978433774706,bad
174.47905557674883,14.96138666532771,0.16999139343323547,0.4858028001235533,bad
170.23369550801502,12.42536555127905,0.1854269905370481,0.4909292005904732,bad
172.23681606318323,3.8728375623168994,0.06365580687131227,0.3156062686778905,bad
155.6096361951496,6.956489591336566,0.21708002754927513,0.4172869180149779,bad
176.69383053062418,12.422268533981399,0.09803078143927432,0.3616328051552008,bad
178.3866973710226,22.630827662107016,0.19601170327864076,0.5465211147007087,bad
169.56111842665842,15.606843305190292,0.18572070391457499,0.42296892991708057,bad
179.47928895635306,16.184563783262572,0.11639700282888367,0.40493139589870314,bad
152.21393194345808,23.901592281609457,0.2501476316580358,0.3188044403463396,bad
175.12984013556968,9.381272812316915,0.10670086113286185,0.43343054820316423,bad
163.447614974452,6.67612326721062,0.10652316945039976,0.6210505067452119,bad
177.82013535330526,14.605916168404645,0.11709717811111947,0.40546927413344697,bad
166.2009487996718,0.25356377396490165,0.1890817060547936,0.778713849267468,bad
170.04812904008696,4.585401233221029,0.06416165118168482,0.6860324421604634,bad
174.67292183934669,13.817181017508021,0.12713109229146036,0.38765655336113775,bad
175.83631348571046,19.910132195924536,0.22013914228349324,0.5396714035015612,bad
177.81806403196524,22.25584244619659,0.18959755079395713,0.5523889456193567,bad
178.785731621576,12.139504189989385,0.09702779744910411,0.4201010945699835,bad
173.8006471149835,4.825995321253958,0.08186748743657232,0.42808038451689995,bad
173.64103964666143,3.4462160108536626,0.058044440455555416,0.34083936158595196,bad
170.387955844962,14.307036636919971,0.14596179107763899,0.36000300831601295,bad
173.621801156365,14.334480509855059,0.1745831421745754,0.49361635140837856,bad
169.04125532635214,11.423002793809324,0.1763060814291617,0.46301805094333537,bad
162.63523079749092,6.671260932789252,0.15099451948202317,0.3707105980797365,bad
168.92654187419302,9.9931968747298,0.14087166764471507,0.3919048088924365,bad
176.29256355123434,13.601102319745083,0.07710217907939652,0.4487375859680684,bad
171.32500903464822,12.56201907288757,0.1688081890806123,0.4660290828540263,bad
175.42603992716812,14.932141692595179,0.1718181476527497,0.5145684926960276,bad
168.72999156008783,9.205823843709105,0.13891106472754894,0.39710176633801947,bad
168.5096509472371,174.21929216819925,0.04704001907529907,0.1584412315566591,bad
173.5714715831637,21.865310946579715,0.21025061872648063,0.4435727567358933,bad
175.46163381565623,12.827096638697702,0.12084908448037372,0.4049013060741245,bad
169.24434825694738,3.961749267987219,0.07546383073557189,0.29704123871579396,bad
179.3198566957159,22.22567364329896,0.19669659746997015,0.5356070827056256,bad
167.66924424407034,17.471281562297385,0.18721320072480882,0.3766828699778466,bad
169.53927635853506,8.541422641082118,0.019575992706027126,0.58450006307267,bad
164.1196578927053,21.424178810901093,0.22011535343165717,0.36319599085419285,bad
167.95176283058416,8.168455837351106,0.1040545977746073,0.3011086387283033,bad
155.6084739945212,13.370605334047454,0.1953637863901691,0.3190213482257401,bad
165.26536328823622,12.8953341878,0.17577944051240202,0.37903143028587355,bad
149.36389466723116,24.73370236760647,0.2611855524290577,0.31742075785505275,bad
178.58053469231004,22.064041653806346,0.1962269177912347,0.5565619001865963,bad
167.93406520304617,16.847667283673893,0.18582435305621678,0.3843394360433496,bad
175.20642940799627,7.261336106468596,0.08979518425631752,0.429952754806776,bad
166.65434220937072,4.830836009341685,0.0845709085539758,0.2711082601768865,bad
177.99582440849227,12.886511203341755,0.10140153245124615,0.39459578808331425,bad
172.4723655254366,8.519933715420736,0.09764211036743356,0.3532186482267264,bad
166.09515190692426,8.411756672102934,0.141188600712509,0.3718187364123512,bad
171.43027050797565,13.164719706810788,0.168103821995614,0.4539600349669188,bad
172.9032135796806,13.737710745090883,0.17647039468884507,0.49616363631285665,bad
175.4689742575188,4.178063949793728,0.04969528877908316,0.3282001319735871,bad
174.7090139367492,14.865810223203427,0.1624045291106127,0.47129726642405556,bad
170.0071175241852,13.735105907681678,0.18199689736262034,0.45228416911178104,bad
166.67041915454902,9.860237375624013,0.1555469759338734,0.3950112794635858,bad
170.9434147248292,20.419568673114927,0.1886018251411841,0.3832893014147855,bad
175.3586993781848,8.175334529468913,0.09327123502520006,0.4204596200617265,bad
179.95043960440708,21.60070236765459,0.18937937538230815,0.5155543170702912,bad
164.81726984615284,16.086001622141076,0.27287084812160656,0.5257093037467945,bad
176.64224504260528,12.416475975024737,0.10932977646920913,0.40217325421742506,bad
168.5403484288829,9.66801121784135,0.10296987130372738,0.28567254958925375,bad
149.0150526149444,25.943543269311654,0.27236682439064036,0.3250238912664473,bad
175.80491820650101,18.541687597495255,0.09009332383920758,0.36359158660895935,bad
162.58321473158392,12.493031085551214,0.17761770746325667,0.3562069652489349,bad
166.4063183032302,7.983543693395549,0.11530194034285471,0.3135292724719019,bad
162.04090337732805,15.252593252914192,0.20332335268980148,0.37120824528077395,bad
150.79230013834086,0.9851324421140841,0.2567723248437467,0.5429762973191703,bad
166.0402909571678,21.832315659578512,0.22259336828160928,0.3806024752359231,bad
174.97121310633528,16.53974213363921,0.13667493999847066,0.37178947349068675,bad
172.5103659864987,15.804816450734009,0.16112007705755635,0.4074280227851049,bad
163.4887793450118,7.049287149145096,0.09965828335407846,0.2493219059064484,bad
177.342125338565,12.144035493050643,0.09076383285090368,0.3552706547144761,bad
169.5446410025278,0.9627942080536899,0.09752433884654048,0.49262699905157775,bad
179.42744897443754,21.892077829382412,0.20392019827310154,0.5608848559394726,bad
169.81456396876268,10.528379024308569,0.15153123317719347,0.42841692895256256,bad
174.0075417916987,14.430723661415914,0.16317006344578067,0.4676013245547274,bad
167.88312463427053,12.8316687674114,0.17824404445731554,0.4225753595859653,bad
174.341589449041,3.546930994901155,0.05254498013413028,0.3284611116558554,bad
171.20346068574437,21.079891893674738,0.2091147472501647,0.419798620309435,bad
170.47121643449822,15.691527428484793,0.14964665174152286,0.351200761811075,bad
169.54440461893523,11.868551973842141,0.16539919335435702,0.4354374374505173,bad
169.50640634811836,12.939428352279206,0.17304443105256645,0.43513839863076226,bad
177.84192331228434,13.204571219622695,0.08242011863855969,0.4301552726665825,bad
167.31915376170846,6.94783500585718,0.13842140635997285,0.41206277378730477,bad
174.56329584594934,14.201839710922455,0.15394215376326717,0.4580449809095513,bad
164.6379607458436,4.991044266715991,0.10165115165999275,0.2922652501758133,bad
160.92544879593828,4.676517811027625,0.15595249381301293,0.38720586703785487,bad
175.76143972664966,11.74940555404606,0.09052663399413405,0.32866732991456005,bad
179.56410789184406,14.942897301399016,0.10328776532751477,0.41232908907224086,bad
173.9450162693423,13.12965319114986,0.13220699551090145,0.40231770872908906,bad
174.05296240933586,8.272836936011672,0.1025647533870176,0.417534725884195,bad
176.46035356864567,12.877898932144824,0.1154277660029899,0.4083983961103583,bad
148.14543075586263,16.631195291917678,0.2191357105044006,0.2926526777275024,bad
176.0479928789574,11.42339834805314,0.09453797361828631,0.35655567421492784,bad
167.11092626777216,7.168359662960102,0.08819230751263445,0.25714897813547816,bad
172.3370096463773,17.037663202691583,0.17790084315867447,0.42572493143986745,bad
172.10467176192157,14.084447334129738,0.17369131012422817,0.46406871747096157,bad
157.79557391041408,4.5573800743984005,0.1918952693344326,0.4261664550729535,bad
169.36669485376942,10.931102866363505,0.1619721394401137,0.4406842673956592,bad
